catalog_id,main_id,ra,dec,pmra,pmdec,plx_value,plx_err,otype,sp_type,rvz_radvel,rvz_err,v_mag,common_name
HD 124897,* alf Boo,213.915300294925,19.1824091615312,-1093.39,-2000.06,88.83,0.54,RG*,K1.5IIIFe-0.5,-5.229,0.0002,-0.05,NAME Arcturus
HD 172167,* alf Lyr,279.234734787025,38.783688956244,200.94,286.23,130.23,0.36,dS*,A0V,-13.5,0.4,0.03,NAME Vega
HD   5394,* gam Cas,14.17721289375,60.71674002472222,25.17,-3.92,5.94,0.12,HXB,B0.5IVpe,-6.8,0.9,2.39,
HD 169467,* alf Tel,276.74340176679584,-45.968457754716674,-17.31,-53.512,11.6696,0.4046,PM*,B3IV,-0.2,2.0,3.463,
HD 158427,* alf Ara,262.9603813675,-49.87614501138889,-33.27,-67.22,12.2,0.85,Be*,B2Vne,0.0,,2.95,
HD 136298,* del Lup,230.34297427253,-40.64753036915,-9.163,-17.377,6.7296,0.4819,bC*,B1.5IV,-2.4,2.8,3.19,
HD 157246,* gam Ara,261.3485804629167,-56.37772632638889,-0.44,-15.77,2.93,0.16,Be*,B1Ib,-3.0,2.9,3.34,
HD 152786,* zet Ara,254.65505223357655,-55.9901388628425,-17.518,-36.12,5.7725,0.1727,*,K3III,-6.0,0.6,3.076,
HD 134505,* zet Lup,228.07123134275705,-52.099248703500834,-112.9,-72.278,28.7616,0.1881,PM*,G8III,-10.0,0.6,3.41,
HD 129056,* alf Lup,220.4823157775,-47.38819874611111,-20.94,-23.67,7.02,0.17,bC*,B1.5III,5.4,0.7,2.286,
HD 120307,* nu. Cen,207.37615211559708,-41.68770852979139,-26.137,-21.226,8.0476,0.347,bC*,B2V,9.0,0.9,3.386,
HD 111123,* bet Cru,191.9302865619529,-59.68877199622606,-42.97,-16.18,11.71,0.98,bC*,B1IV,10.3,0.2,1.25,NAME Mimosa
HD 109668,* alf Mus,189.29590786916668,-69.1355647886111,-40.2,-12.8,10.34,0.11,**,B2IV,13.0,4.0,2.649,
HD 108903,* gam Cru,187.79149837560797,-57.11321345705891,28.23,-265.08,36.83,0.18,PM*,M3.5III,21.0,0.1,1.64,NAME Gacrux
HD 106490,* del Cru,183.78632699611495,-58.748924076838335,-36.951,-11.296,7.1681,0.7145,Pu*,B2IV,22.2,2.0,2.752,NAME Imai
HD 100841,* lam Cen,173.94532537821,-63.01983499360999,-33.863,-7.236,8.277,0.2537,*,B9III,-3.107,0.225,3.14,
HD  89080,* ome Car,153.43425247860876,-70.0379064474,-36.548,7.125,8.2978,0.2439,Be*,B7III,10.4,2.5,3.33,
HD  89388,* q Car,154.27073140194167,-61.33230464139612,-25.587,5.812,4.3046,0.1345,LP*,K2.5II,8.2,0.6,3.35,
HD   6595,* bet Phe,16.520997989851963,-46.71841069311463,-80.81,34.97,0.12,14.62,**,G8III,-1.1,0.74,3.3,
HD  93497A,* mu. Vel,161.69239624144333,-49.420259938983605,68.537,-48.819,29.0506,0.2991,PM*,G6III,6.2,0.2,2.69,
HD  93497,* mu. Vel,161.69239624144333,-49.420259938983605,68.537,-48.819,29.0506,0.2991,PM*,G6III,6.2,0.2,2.69,
HD  27256,* alf Ret,63.60612501835416,-62.47380348899389,45.069,42.948,20.3431,0.1859,PM*,G8IIIa:,35.5,0.06,3.36,
HD 135722,* del Boo,228.87567841690495,33.31483124216833,84.383,-111.591,27.0746,0.1256,PM*,G8IIIFe-1,-12.29,0.16,3.49,
HD 156283,* pi. Her,258.76180935986537,36.80916154895945,-27.402,2.925,8.8991,0.1323,*,K3II,-25.57,0.2,3.18,
HD 139006,* alf CrB,233.6719520340316,26.71468500002472,118.927,-87.711,42.2408,0.977,SB*,A1IV,1.7,0.9,2.24,NAME Alphecca
HD 150680,* zet Her,250.32150433146228,31.602718703799265,-461.52,342.28,93.32,0.47,SB*,G0IV,-67.8,0.2,2.8,
HD 159561,* alf Oph,263.73362272030505,12.560037391671424,108.07,-221.57,67.13,1.06,**,A5IVnn,11.7,1.0,2.07,NAME Rasalhague
HD 144217,* bet01 Sco,241.3592999275,-19.805452782777778,-5.2,-24.04,8.07,0.78,bC*,B1V,-1.0,0.9,2.62,
HD 175191,* sig Sgr,283.81636040649323,-26.29672411476388,15.14,-53.43,14.32,0.29,**,B2.5V,-11.2,2.0,2.067,NAME Nunki
HD 173300,* phi Sgr,281.41412309412124,-26.99078264511139,49.919,-0.09,12.1552,0.5888,PM*,B8III,21.5,2.0,3.14,
HD 167618,* eta Sgr,274.40682166227543,-36.76169016455027,-131.804,-166.309,23.8859,0.4865,LP?,M2III,0.2,0.8,3.11,
HD 160578,* kap Sco,265.62198000035505,-39.02998307638737,-6.05,-25.54,6.75,0.17,bC*,B1.5III,-14.0,2.8,2.386,
HD 155203,* eta Sco,258.0383087285559,-43.23918953095112,21.616,-287.978,44.5711,0.2362,PM*,F5IV,-27.0,2.0,3.33,
HD 123123,* pi. Hya,211.59290834800288,-26.68236157673806,43.381,-140.951,30.8889,0.2669,PM*,K2-IIIFe-0.5,27.2,0.6,3.28,
HD 113226,* eps Vir,195.5441542302233,10.959148721740554,-273.793,19.804,30.211,0.1907,PM*,G8III-IIIb,-14.29,0.02,2.79,NAME Vindemiatrix
HD 112300,* del Vir,193.9008692670183,3.397468903838333,-469.714,-53.71,17.4065,0.2513,RG*,M3+III,-18.87,0.21,3.38,NAME Minelauva
HD 112413,* alf02 CVn,194.0069399537529,38.31837643625333,-233.776,55.035,32.7227,0.5844,a2*,A0VpSiEu,-4.1,0.2,2.88,NAME Cor Caroli
HD 109379,* bet Crv,188.59681217680625,-23.39676021620222,1.116,-56.704,22.0049,0.2333,PM*,G5IIBa0.3,-7.34,0.08,2.64,NAME Kraz
HD 105707,* eps Crv,182.53116909375,-22.6197672175,-72.019,10.637,10.5984,0.2038,PM*,K2+IIIa,5.0,0.4,2.98,NAME Minkar
HD 102647,* bet Leo,177.26490975591017,14.572058064829658,-497.68,-114.67,90.91,0.52,dS*,A3Va,-0.2,0.5,2.13,NAME Denebola
HD  97603,* del Leo,168.52708926588556,20.523718139047475,143.42,-129.88,55.82,0.25,PM*,A5IV(n),-20.9,0.6,2.53,NAME Zosma
HD  97633,* tet Leo,168.56002362722833,15.429571086424442,-60.538,-78.675,20.316,0.3262,PM*,A2IV,7.536,0.0257,3.35,NAME Chertan
HD  89758,* mu. UMa,155.5821986521946,41.49953826257556,-73.749,28.259,17.7987,0.3933,SB*,M0III,-21.3,1.66,3.05,NAME Tania Australis
HD  87901,* alf Leo,152.09296243828146,11.967208776100025,-248.73,5.59,41.13,0.35,PM*,B8IVn,0.719522,0.614515,1.4,NAME Regulus
HD  13161,* bet Tri,32.38594634196055,34.98729706469149,149.16,-39.1,25.71,0.34,SB*,A5III,12.3,0.66,3.0,
HD   6860,* bet And,17.43301617293042,35.62055765052624,175.9,-112.2,16.52,0.56,PM*,M0+IIIa,0.608782,0.001576,2.05,NAME Mirach
HD    358,* alf And,2.0969161856756404,29.090431118059698,137.46,-163.44,33.62,0.35,a2*,B8IV-VHgMn,-10.1,0.2,2.06,NAME Alpheratz
HD    358,* alf And,2.0969161856756404,29.090431118059698,137.46,-163.44,33.62,0.35,a2*,B8IV-VHgMn,-10.1,0.2,2.06,NAME Sirrah
HD    886,* gam Peg,3.3089681209050004,15.18359842959389,0.492,-10.73,6.9474,0.4293,bC*,B2IV,-0.66,0.14,2.84,NAME Algenib
HD   6805,* eta Cet,17.14746388517208,-10.18226442669,215.922,-139.029,27.0603,0.1799,HB*,K2-IIIb,11.1,1.46,3.45,
HD   4128,* bet Cet,10.8973787360039,-17.98660631592891,232.55,31.99,33.86,0.16,PM*,G9.5IIICH-1,13.257,0.0002,2.01,NAME Diphda
HD  76294,* zet Hya,133.84844248935084,5.945565210399724,-101.037,14.261,21.3133,0.2316,PM*,G8.5III,22.3,0.3,3.1,
HD  63700,* ksi Pup,117.32355646601664,-24.859783879637224,-3.61,-2.579,3.0059,0.1317,*,G6Ib,2.8,0.3,3.3,NAME Asmidiske
HD  63700,* ksi Pup,117.32355646601664,-24.859783879637224,-3.61,-2.579,3.0059,0.1317,*,G6Ib,2.8,0.3,3.3,NAME Azmidiske
HD  58350,* eta CMa,111.02375950100142,-29.303105508471724,-4.14,5.81,1.64,0.4,s*b,B5Ia,41.1,2.0,2.45,NAME Aludra
HD  53138,* omi02 CMa,105.75613058900544,-23.833293974200288,-1.335,3.803,0.8715,0.3319,s*b,B3Ia,48.08,0.07,3.02,
HD  52089,* eps CMa,104.65645315148348,-28.97208615736081,3.24,1.33,8.05,0.14,*,B1.5II,27.3,0.4,1.5,NAME Adhara
HD  52877,* sig CMa,105.42978350186792,-27.934830340443888,-5.714,4.89,2.5085,0.159,s*r,K5Ib,22.11,0.19,3.47,
HD  44478,* mu. Gem,95.74011192619564,22.51358274590428,56.39,-110.03,14.08,0.71,LP*,M3IIIab,54.38,0.24,2.87,NAME Tejat
HD  42995,* eta Gem,93.71935536055372,22.506787327170837,-59.53,-7.766,4.7312,1.0207,RG*,M2IIIa,22.39,0.36,3.28,NAME Propus
HD  42995A,* eta Gem,93.71935536055372,22.506787327170837,-59.53,-7.766,4.7312,1.0207,RG*,M2IIIa,22.39,0.36,3.28,NAME Propus
HD  37795,* alf Col,84.91225429958334,-34.07410971972223,1.685,-24.345,11.4008,0.4452,Be*,B9Ve,35.0,4.0,2.65,NAME Phact
HD  37202,* zet Tau,84.41118926291666,21.14254411222222,1.78,-20.07,7.33,0.82,Be*,B1IVe_shell,20.0,2.5,3.03,
HD  36079,* bet Lep,82.06134536679916,-20.759443885748333,-5.748,-83.65,20.8697,0.2047,PM*,G5II-IIIa:,-14.2,0.1,2.84,NAME Nihal
HD  36486,* del Ori,83.00166705557675,-0.2990951070833332,0.64,-0.69,4.71,0.58,**,O9.5IINwk,18.5,0.5,2.41,NAME Mintaka
HD  35497,* bet Tau,81.57297133176498,28.607451724998228,22.76,-173.58,24.36,0.34,PM*,B7III,9.2,2.0,1.65,NAME Elnath
HD  25025,* gam Eri,59.50735758877376,-13.508514805984444,62.227,-112.006,17.0016,0.2254,LP?,M0III-IIIb,60.81,0.25,2.94,NAME Zaurak
HD  18884,* alf Cet,45.56988780332224,4.089738771805157,-10.41,-76.85,13.09,0.44,LP?,M1.5IIIa,-25.47,0.1,2.53,NAME Menkar
HD  71369,* omi UMa,127.56612565266668,60.71816822394111,-133.644,-107.664,17.9335,0.1456,PM*,G5III:,19.8,0.2,3.42,NAME Muscida
HD 131873,* bet UMi,222.67635749796767,74.15550393675127,-32.61,11.42,24.91,0.12,V*,K4-III,16.96,0.19,2.08,NAME Kochab
HD 137422,* gam UMi,230.1820980485008,71.83402545491221,-15.908,17.146,6.5959,0.2943,dS*,A2III,-3.9,0.6,3.002,NAME Pherkad
HD 159181,* bet Dra,262.60817373291667,52.30138870861111,-15.89,12.28,8.58,0.1,*,G2Ib-IIa,-20.825,0.0022,2.81,NAME Rastaban
HD   8538,* del Cas,21.45396446208333,60.23528402972222,296.57,-49.22,32.81,0.14,EB*,A5IV,6.7,1.78,2.68,NAME Ruchbah
HD 194093,* gam Cyg,305.55709098208337,40.25667915638889,2.39,-0.91,1.78,0.27,*,F8Ib,-5.906,0.0006,2.23,NAME Sadr
HD 110380,* gam Vir B,190.4147607686542,-1.4494021269330557,-534.318,-64.27,78.5233,1.3879,Pe*,F0mF2V,-19.8,0.9,3.49,
HD   3969,M  31,10.684708333333331,41.26875,,,,,AGN,,-300.0,4.0,3.44,NAME Andromeda
HD   3969,M  31,10.684708333333331,41.26875,,,,,AGN,,-300.0,4.0,3.44,NAME Andromeda Galaxy
HD   3969,M  31,10.684708333333331,41.26875,,,,,AGN,,-300.0,4.0,3.44,NAME And Nebula
HD   3969,M  31,10.684708333333331,41.26875,,,,,AGN,,-300.0,4.0,3.44,NAME Andromeda Nebula
HD  39801,* alf Ori,88.79293899077537,7.407063995272694,27.54,11.3,6.55,0.83,s*r,M1-M2Ia-Iab,21.91,0.51,0.42,NAME Betelgeuse
HD  44743,* bet CMa,95.67493896958332,-17.955918708888888,-3.23,-0.78,6.62,0.22,bC*,B1II-III,33.7,0.5,1.97,NAME Mirzam
HD 164058,* gam Dra,269.1515411786243,51.48889561763423,-8.48,-22.79,21.14,0.1,*,K5III,-27.91,0.19,2.23,NAME Eltanin
HD  28319,* tet02 Tau,67.16559004644,15.870874649550002,106.148,-20.294,21.8125,0.3735,dS*,A7III,38.9,0.2,3.41,
HD  30652,* pi.03 Ori,72.46004668811875,6.961277950629445,463.954,11.937,124.6198,0.2246,PM*,F6V,22.47,0.52,3.19,NAME Tabit
HD 198149,* eta Cep,311.3223965313,61.838781731080005,85.993,818.451,69.5976,0.1279,PM*,K0IV,-87.407,0.0002,3.41,
HD 103287,* gam UMa,178.45769715249995,53.69475972916666,107.68,11.01,39.21,0.4,Em*,A0V,-11.9,0.7,2.44,NAME Phecda
HD 106591,* del UMa,183.85649936126703,57.03261697773611,103.947,8.141,40.3279,0.1945,PM*,A2Vn,-12.39,0.79,3.32,NAME Megrez
HD 140573,* alf Ser,236.0669754565879,6.425630220244722,133.922,45.55,43.945,0.4676,PM*,K2IIIbCN1,2.63,0.16,2.63,NAME Unukalhai
HD 121370,* eta Boo,208.67116216800864,18.397720717229475,-60.95,-356.29,87.75,1.24,SB*,G0IV,5.77111,0.007471,2.68,NAME Muphrid
HD 161096,* bet Oph,265.86813295741786,4.567303668469166,-41.793,159.43,39.2284,0.2027,PM*,K2IIICN0.5,-12.12,0.0008,2.75,NAME Cebalrai
HD 176437,* gam Lyr,284.73592734438125,32.68955574065722,-2.98,1.689,4.9656,0.2366,*,B9.5II-III,-31.2,0.2,3.25,NAME Sulafat
HD 197989,* eps Cyg,311.55280115351087,33.97032834364584,365.954,308.787,43.1769,0.9384,**,K0III,-12.599,0.0011,2.48,
HD 203280,* alf Cep,319.6448846972256,62.5855744637194,150.55,49.09,66.5,0.11,PM*,A8Vn,-15.8,1.1,2.46,NAME Alderamin
HD  66811,* zet Pup,120.89603140977576,-40.00314779826893,-29.71,16.68,3.01,0.1,BY*,O4I(n)fp,-23.9,2.9,2.25,NAME Naos
HD  86440,* phi Vel,149.21558687068125,-54.567788190034165,-13.378,4.11,1.903,0.183,*,B5Ib,13.9,0.7,3.45,
HD 214923,*  42 Peg,340.36550299,10.831363310277778,77.22,-11.38,15.96,0.19,PM*,B8.5IV,9.23,0.38,3.41,NAME Homam
HD  34029,* alf Aur,79.17232794433404,45.99799146983673,75.25,-426.89,76.2,0.46,SB*,G3III:,29.19,0.07,0.08,NAME Capella
HD  48915A,* alf CMa,101.28715533333336,-16.71611586111111,-546.01,-1223.07,379.21,1.58,SB*,A0mA1Va,-5.5,0.4,-1.46,NAME Sirius A
HD  48915A,* alf CMa,101.28715533333336,-16.71611586111111,-546.01,-1223.07,379.21,1.58,SB*,A0mA1Va,-5.5,0.4,-1.46,NAME Sirius
HD  48915,* alf CMa,101.28715533333336,-16.71611586111111,-546.01,-1223.07,379.21,1.58,SB*,A0mA1Va,-5.5,0.4,-1.46,NAME Sirius A
HD  48915,* alf CMa,101.28715533333336,-16.71611586111111,-546.01,-1223.07,379.21,1.58,SB*,A0mA1Va,-5.5,0.4,-1.46,NAME Sirius
HD   8890,* alf UMi,37.954560670189856,89.26410896994187,44.48,-11.85,7.54,0.11,cC*,F8Ib,-16.42,0.03,2.02,NAME Lodestar
HD   8890,* alf UMi,37.954560670189856,89.26410896994187,44.48,-11.85,7.54,0.11,cC*,F8Ib,-16.42,0.03,2.02,NAME Polaris
HD   8890,* alf UMi,37.954560670189856,89.26410896994187,44.48,-11.85,7.54,0.11,cC*,F8Ib,-16.42,0.03,2.02,NAME North Star
HD   3712,* alf Cas,10.126846007691247,56.537329217042775,49.126,-31.595,14.091,0.4988,PM*,K0-IIIa,-4.204,0.0006,2.23,NAME Schedar
HD  11636,* bet Ari,28.66004578884514,20.808031471916408,98.74,-110.41,55.6,0.58,SB*,kA4hA5mA5Va,-3.1,0.15,2.65,NAME Sheratan
HD  10700,* tau Cet,26.01701307163417,-15.93747989102139,-1721.728,854.963,273.8097,0.1701,PM*,G8V,-16.597,0.0002,3.5,
HD   3627,* del And,9.831679638429584,30.86098357599195,176.856,-108.171,31.5735,0.4546,SB*,K3III-IIIbCN0.5,-9.88,0.15,3.28,
HD  19356,* bet Per,47.04221855625,40.95564667027778,2.99,-1.66,36.27,1.4,SB*,B8V,4.0,0.9,2.12,NAME Algol
HD  19356,* bet Per,47.04221855625,40.95564667027778,2.99,-1.66,36.27,1.4,SB*,B8V,4.0,0.9,2.12,NAME Algol B
HD  19356,* bet Per,47.04221855625,40.95564667027778,2.99,-1.66,36.27,1.4,SB*,B8V,4.0,0.9,2.12,NAME Algol C
HD  19356,* bet Per,47.04221855625,40.95564667027778,2.99,-1.66,36.27,1.4,SB*,B8V,4.0,0.9,2.12,NAME Algol A
HD    432,* bet Cas,2.2945215777878776,59.14978109800713,523.5,-179.77,59.58,0.38,dS*,F2III,4.3,0.8,2.27,NAME Caph
HD   4614,* eta Cas,12.276227476217503,57.81517728880999,1078.609,-551.133,168.8322,0.1663,PM*,F9V,8.404,0.0004,3.44,NAME Achird
HD   4614A,* eta Cas,12.276227476217503,57.81517728880999,1078.609,-551.133,168.8322,0.1663,PM*,F9V,8.404,0.0004,3.44,NAME Achird
HD  22928,* del Per,55.73122001957376,47.78749673818805,29.038,-23.365,6.2435,0.4991,Be*,B5III,4.0,3.7,3.01,
HD  12311,* alf Hyi,29.69224409758834,-61.56982215319751,289.561,18.43,51.5547,0.8303,PM*,F0IV,18.02,1.85,2.84,
HD  32630,* eta Aur,76.6287255888596,41.23447574166194,29.771,-68.325,14.0208,0.2708,PM*,B3V,7.3,0.7,3.18,
HD  23630,* eta Tau,56.87115230375,24.105135651944444,19.34,-43.67,8.09,0.42,Be*,B7III,5.4,1.2,2.87,NAME Alcyone
HD  18925,* gam Per,46.19925046367875,53.50646183498722,-14.194,-8.684,14.1252,0.7684,SB*,G9III+A2-III:,3.13,0.13,2.93,
HD  18926,* gam Per,46.19925046367875,53.50646183498722,-14.194,-8.684,14.1252,0.7684,SB*,G9III+A2-III:,3.13,0.13,2.93,
HD  16970,* gam Cet,40.82516289811255,3.235816376495944,-146.1,-146.12,40.97,0.63,**,A2Vn+F4V,-4.9,0.9,3.47,NAME Kaffaljidhma
HD  11415,* eps Cas,28.5988920257,63.67010006633,29.587,-18.387,7.0037,0.2487,Be*,B3Vp_sh,-8.3,0.8,3.37,NAME Segin
HD  12929,* alf Ari,31.79335709957655,23.46241755020095,188.55,-148.08,49.56,0.25,PM*,K2-IIIbCa-1,-14.412,0.0005,2.01,NAME Hamal
HD  29139,* alf Tau,68.9801627900154,16.5093023507718,63.45,-188.94,48.94,0.77,LP?,K5+III,54.398,0.0008,0.86,NAME Aldebaran
HD  19058,* rho Per,46.29414106098047,38.84027619029382,129.22,-105.7,10.6,0.25,LP*,M4+IIIa,27.0672,0.005063,3.39,NAME Gorgonea Tertia
HD  24760,* eps Per,59.46349742422501,40.01019978155972,16.845,-23.554,5.3316,0.4269,bC*,B0.5III,-1.0,2.0,2.89,
HD   2151,* bet Hyi,6.43779315502228,-77.25424611998604,2219.54,324.09,134.07,0.11,PM*,G0V,23.085,0.0003,2.79,
HD  11443,* alf Tri,28.2704392446475,29.578818669729724,12.341,-233.04,51.331,0.5563,SB*,F5III,-12.6,0.9,3.42,NAME Mothallah
HD  20902,* alf Per,51.08070871833333,49.86117929305556,23.75,-26.23,6.44,0.17,V*,F5Ib,-2.158,0.0036,1.79,NAME Mirfak
HD  24398,* zet Per,58.53301031291666,31.88363368388889,7.274,-9.141,3.8556,0.4169,s*b,B1Ib,20.6,0.8,2.85,
HD  25204,* lam Tau,60.1700698910475,12.49034444100722,-6.562,-12.591,8.0397,0.4405,SB*,B4IV,17.8,0.9,3.41,
HD  31964,* eps Aur,75.49222653615,43.82331030981,0.883,-3.065,0.9879,0.1792,SB*,A9Ia,-10.4,0.4,2.99,NAME Almaaz
HD  32887,* eps Lep,76.36526836354416,-22.37103448703084,24.049,-74.951,15.5999,0.1074,PM*,K4III,1.011,0.0001,3.18,
HD  36861,* lam Ori A,83.78448366963,9.934164257309998,2.896,-3.183,2.5936,0.4032,Em*,O8III((f)),34.0,2.0,3.47,NAME lambda Ori X-3
HD  39425,* bet Col,87.73996785288541,-35.76830962121,54.452,404.6,36.9038,0.1345,PM*,K1III_CN+1,89.4,0.3,3.12,NAME Wazn
HD  24512,* gam Hyi,56.80975276363666,-74.2389628753575,50.799,114.791,15.0793,0.2001,PM*,M1III,12.76,0.25,3.26,
HD  33904,* mu. Lep,78.23292901709,-16.205463499750003,42.803,-16.017,19.1775,0.3265,a2*,B9IV:HgMn,26.2,0.16,3.29,
HD  35468,* gam Ori,81.28276355652378,6.3497032644440665,-8.11,-12.88,12.92,0.52,*,B2III,17.31,0.45,1.64,NAME Bellatrix
HD  48329,* eps Gem,100.98302979662668,25.131127192367774,-4.853,-11.78,3.7477,0.184,*,G8Ib,7.77,0.23,2.98,NAME Mebsuta
HD  31398,* iot Aur,74.24841676022209,33.166093772077225,3.817,-17.786,7.2491,0.3819,*,K3II-III,17.78,0.25,2.69,NAME Hassaleh
HD  33111,* bet Eri,76.96239535462041,-5.086496983969999,-88.481,-70.497,36.2456,0.3575,PM*,A3IV,-6.0,0.8,2.79,NAME Cursa
HD  58715,* bet CMi,111.78767390541668,8.2893157625,-51.76,-38.29,20.17,0.2,Be*,B8Ve,22.0,2.5,2.89,NAME Gomeisa
HD  29305,* alf Dor,68.49907161292998,-55.04497896378182,57.75,10.93,19.34,0.31,a2*,B8IIIpSi,25.6,0.74,3.28,
HD  40183,* bet Aur,89.88217886833333,44.94743257194444,-56.44,-0.95,40.21,0.23,SB*,A1IV-Vp,-15.75,0.62,1.9,NAME Menkalinan
HD  89021,* lam UMa,154.27408023573,42.91441380519,-152.974,-49.462,14.4594,1.0195,PM*,A1IV,13.82,1.55,3.45,NAME Tania Borealis
HD  38771,* kap Ori,86.93912016833333,-9.66960491861111,1.46,-1.28,5.04,0.22,s*b,B0.5Ia,20.5,2.0,2.06,NAME Saiph
HD  47670,* nu. Pup,99.44030260969878,-43.19593568695584,-0.537,-3.859,8.8194,0.2883,*,B8III,30.9,1.7,3.17,
HD  34085,* bet Ori,78.63446706693006,-8.201638364722209,1.31,0.5,3.78,0.34,s*b,B8Ia,17.8,0.4,0.13,NAME Rigel
HD  40312,* tet Aur,89.93029217610834,37.21258462923103,43.63,-73.79,19.7,0.16,a2*,A0VpSi,29.3,1.7,2.62,NAME Mahasim
HD  37043,* iot Ori,83.85827580502625,-5.909888523506666,-2.816,-1.693,1.9969,0.7299,SB*,O9IIIvar,27.6,0.3,2.77,NAME Hatysa
HD  37128,* eps Ori,84.05338894077023,-1.2019191358333312,1.44,-0.78,1.65,0.45,s*b,B0Ia,27.3,0.8,1.69,NAME Alnilam
HD  35411,* eta Ori,81.11923634279408,-2.397147539722221,-0.71,-3.46,3.34,1.07,bC*,B1V+B2:,19.8,0.9,3.35,
HD  48737,* ksi Gem,101.32235202269877,12.895594959796387,-114.564,-191.671,54.1894,0.2369,RG*,F5IV-V,27.2,0.7,3.36,
HD  36673,* alf Lep,83.18256716166667,-17.82228927222222,3.56,1.18,1.47,0.14,*,F0Ib,25.1,0.1,2.57,NAME Arneb
HD  36673A,* alf Lep,83.18256716166667,-17.82228927222222,3.56,1.18,1.47,0.14,*,F0Ib,25.1,0.1,2.57,NAME Arneb
HD  45348,* alf Car,95.98795782918306,-52.69566138386201,19.93,23.24,10.55,0.56,*,A9II,20.3,0.5,-0.74,NAME Canopus
HD  56855,* pi. Pup,109.28565865855,-37.09747346353528,-11.562,6.52,5.7621,0.8175,LP*,K4III,15.8,0.6,2.7,NAME Ahadi
HD  68273,* gam02 Vel,122.3831255597706,-47.336586329303486,-6.07,10.43,2.92,0.3,WR*,WC8+O7.5III-V,15.0,3.1,1.83,NAME Regor
HD  80404,* iot Car,139.27252857166667,-59.275232029166666,-18.86,11.98,4.26,0.1,*,A7Ib,12.0,0.3,2.26,NAME Aspidiske
HD  82328,* tet UMa,143.21429555749293,51.67731480847444,-942.567,-542.016,73.8284,0.2046,PM*,F7V,14.356,0.0006,3.18,
HD  84441,* eps Leo,146.46280673687792,23.77425377711222,-46.154,-10.799,14.3394,0.3209,*,G1IIIa,4.322,0.0012,2.98,
HD  74874,* eps Hya,131.6938009684597,6.4188015227537685,-228.11,-43.82,25.23,0.98,**,G1III+A8V,40.46,0.03,3.38,
HD  87737,* eta Leo,151.8331349646567,16.762663324555,-1.118,-0.655,1.7965,0.3051,sg*,A0Ib,2.82,0.02,3.41,
HD  54605,* del CMa,107.09785021416668,-26.39319957888889,-3.12,3.31,2.03,0.38,s*y,F8Ia,33.67,0.24,1.84,NAME Wezen
HD  62509,* bet Gem,116.32895777437876,28.02619889009357,-626.55,-45.8,96.54,0.27,PM*,K0IIIb,3.391,0.0003,1.14,NAME Pollux
HD  98262,* nu. UMa,169.61973835928958,33.09430607022111,-26.139,27.892,7.9823,0.4825,*,K3-III:,-9.63,0.38,3.49,NAME Alula Borealis
HD  47105,* gam Gem,99.42796042942896,16.399280426663772,13.81,-54.96,29.84,2.23,SB*,A1.5IV+,-12.63,0.02,1.92,NAME Alhena
HD  59717,* sig Pup,112.30763598742708,-43.30143539413861,-61.628,189.627,17.0234,0.5614,SB*,K5III,87.3,0.74,3.25,NAME Hadir
HD  81797,* alf Hya,141.89684459585948,-8.658599531745583,-15.23,34.37,18.09,0.18,*,K3IIIa,-4.561,0.0001,1.97,NAME Alphard
HD  91465,* p Car,158.0061045480125,-61.68533195288,-18.348,10.266,6.4438,0.3437,Be*,B4Vne,26.0,2.0,3.27,
HD  67523,* rho Pup,121.88603676458334,-24.30432442944445,-82.886,46.93,51.3999,0.2445,dS*,F5IIkF2IImF5II,45.8,0.6,2.81,NAME Tureis
HD  61421,* alf CMi,114.82549790798149,5.224987557059477,-714.59,-1036.8,284.56,1.26,SB*,F5IV-V+DQZ,-4.50528,0.020786,0.37,NAME Procyon
HD  61421,* alf CMi,114.82549790798149,5.224987557059477,-714.59,-1036.8,284.56,1.26,SB*,F5IV-V+DQZ,-4.50528,0.020786,0.37,NAME Procyon A
HD  89025,* zet Leo,154.17256318434792,23.417316988991107,21.161,-8.263,14.0377,0.2883,*,F0IIIa,-12.32,6.23,3.41,NAME Adhafera
HD  76644,* iot UMa,134.8018900723819,48.04182614451662,-441.29,-215.32,68.92,0.16,**,A6,9.0,2.0,3.14,NAME Talitha
HD 106625,* gam Crv,183.9515450373768,-17.541930457603193,-158.61,21.86,21.23,0.2,PM*,B8III,-4.2,2.0,2.58,NAME Gienah
HD 116658,* alf Vir,201.2982473615632,-11.161319485111932,-42.35,-30.67,13.06,0.7,bC*,B1V,-3.31,0.78,0.97,NAME Spica
HD  78647,* lam Vel,136.99899113791412,-43.432590908860746,-24.01,13.52,5.99,0.11,s*r,K4Ib,17.6,0.3,2.21,NAME Suhail
HD  80493,* alf Lyn,140.26375087702914,34.39255928934889,-218.723,16.555,14.7042,0.1808,PM*,K6III,38.47,0.2,3.14,
HD  95418,* bet UMa,165.46033229797294,56.382433649496384,79.959,32.365,38.6031,1.1285,PM*,A1IVps,-13.1,0.1,2.37,NAME Merak
HD 112185,* eps UMa,193.5072899675,55.95982295694445,111.91,-8.24,39.51,0.2,a2*,A1III-IVpkB9,-12.7,0.2,1.77,NAME Alioth
HD  80007,* bet Car,138.29990608310192,-69.71720759721548,-156.47,108.95,28.82,0.11,PM*,A1III-,-5.1,2.3,1.69,NAME Miaplacidus
HD 105435,* del Cen,182.08957348875,-50.722427392777774,-42.613,-11.135,5.7179,0.6516,Be*,B2Vne,11.0,4.0,2.52,
HD 123139,* tet Cen,211.670614682339,-36.369954742511496,-520.53,-518.06,55.45,0.2,PM*,K0-IIIb,1.3,0.5,2.05,NAME Menkent
HD 108767,* del Crv,187.46606318416664,-16.515431261666667,-209.276,-139.184,38.06,0.3996,PM*,A0IV(n)kB9,13.9,2.3,2.94,NAME Algorab
HD 115659,* gam Hya,199.73040703832623,-23.171514006915,67.956,-44.299,25.5286,0.2706,SB*,G8IIIa,-4.861,0.0002,3.0,
HD 120324,* mu. Cen,207.40411953020495,-42.47373340873611,-23.04,-18.361,7.3269,0.516,Be*,B2Vnpe,9.2,2.7,3.43,
HD  93813,* nu. Hya,162.4062010556029,-16.193647060365556,92.912,199.642,23.794,0.1695,PM*,K1.5IIIHdel-0.5,-1.37,0.25,3.11,
HD  93030,* tet Car,160.73917486416664,-64.39445022111111,-18.36,12.03,7.16,0.21,SB*,B0Vp,459.7,0.12,2.76,
HD 118716,* eps Cen,204.9719072309024,-53.466391146089,-15.3,-11.72,7.63,0.48,bC*,B1III,3.0,2.0,2.3,
HD 110304,* gam Cen,190.37933367081536,-48.959871515023295,-185.72,5.79,25.06,0.28,**,A1IV+A0IV,-5.5,1.78,2.17,
HD 120315,* eta UMa,206.88515734206297,49.31326672942533,-121.17,-14.91,31.38,0.24,PM*,B3V,-13.4,0.6,1.86,NAME Alkaid
HD 120315,* eta UMa,206.88515734206297,49.31326672942533,-121.17,-14.91,31.38,0.24,PM*,B3V,-13.4,0.6,1.86,NAME Alcaid
HD 121263,* zet Cen,208.884940198572,-47.28837451101241,-57.37,-44.55,8.54,0.13,SB*,B2.5IV,6.5,2.0,2.55,
HD 128621,* alf Cen B,219.8960962898728,-60.83752756558407,-3614.39,802.98,742.12,1.4,PM*,K1V,-22.586,0.0001,1.33,NAME Toliman
HD 130841,* alf02 Lib,222.7196378915803,-16.041776519834446,-105.68,-68.4,43.03,0.19,SB*,kA2hA5mA4IV-V,-10.0,5.0,2.75,NAME Zubenelgenubi
HD  95689,* alf UMa,165.9319646738126,61.75103468781823,-134.11,-34.7,26.54,0.48,**,G9III+A7.5,-9.4,0.3,1.79,NAME Dubhe
HD  96833,* psi UMa,167.41586789931586,44.49848775473417,-62.62,-27.778,23.2272,0.2513,PM*,K1III,-3.39,0.14,3.01,
HD 132058,* bet Lup,224.6330223498344,-43.13396384896446,-35.78,-39.83,8.52,0.18,**,B2IV,0.2,0.9,2.68,
HD 143118,* eta Lup,240.03053298351492,-38.39670506249139,-17.593,-27.256,7.5942,0.4322,bC?,B2.5IV,1.0,3.8,3.41,
HD 115892,* iot Cen,200.1492200650396,-36.712304581225,-339.615,-82.181,56.0571,1.1147,PM*,kA1.5hA3mA3Va,0.1,0.6,2.73,
HD 161797,* mu.01 Her,266.61478040032705,27.720711383034715,-312.087,-773.179,119.9248,0.1543,**,G5IV,-17.78,0.03,3.42,
HD 161797A,* mu.01 Her,266.61478040032705,27.720711383034715,-312.087,-773.179,119.9248,0.1543,**,G5IV,-17.78,0.03,3.42,
HD 147165,* sig Sco,245.29714880583333,-25.592792076666665,-10.6,-16.28,4.68,0.6,bC*,B1III+B1:V,-0.4,0.9,2.89,NAME Alniyat
HD 149757,* zet Oph,249.2897502448742,-10.56708603964,10.465,24.742,7.4088,0.6596,Be*,O9.2IVnn,-9.0,5.5,2.56,
HD 155763,* zet Dra,257.1966155398917,65.71464532697362,-16.55,32.757,7.8274,0.5476,**,B8III,-19.2,0.2,3.17,NAME Aldhibah
HD 128620,* alf Cen A,219.9020583317077,-60.83399268831004,-3679.25,473.67,742.12,1.4,PM*,G2V,-15.252,0.167,0.01,NAME Rigel Kentaurus
HD 128620,* alf Cen A,219.9020583317077,-60.83399268831004,-3679.25,473.67,742.12,1.4,PM*,G2V,-15.252,0.167,0.01,NAME Rigil Kentaurus
HD 118098,* zet Vir,203.67329732803,-0.59581641612,-276.903,44.621,43.7467,0.333,PM*,A2Van,-13.2,2.0,3.38,NAME Heze
HD 127762,* gam Boo,218.0194653313254,38.3082480800211,-114.344,151.788,37.9125,0.255,dS*,A7IV+(n),-32.4,1.0,3.02,NAME Seginus
HD 148478,* alf Sco,247.3519154198264,-26.432002611950832,-12.11,-23.3,5.89,1.0,s*r,M1.5Iab+B2Vn,-3.5,0.8,0.91,NAME Antares
HD 153210,* kap Oph,254.4170729283867,9.375029020125002,-292.638,-9.948,37.1125,0.2041,LP?,K2III,-55.821,0.0008,3.2,
HD 128898,* alf Cir,220.62675271705453,-64.97513301263639,-193.169,-234.982,60.993,0.226,a2*,A7VpSrCrEu,7.099,0.0006,3.19,
HD 146051,* del Oph,243.5864125911492,-3.6943257851008338,-45.34,-144.433,20.4113,0.54,PM*,M0.5III,-18.7841,0.002391,2.75,NAME Yed Prior
HD 148387,* eta Dra,245.997859702,61.51420976085001,-16.394,57.094,35.7163,0.2829,PM*,G8-IIIab,-14.734,0.0003,2.74,
HD 127972,* eta Cen,218.8767673375,-42.15782521722222,-34.73,-32.72,10.67,0.21,Be*,B2Ve,0.0,1.6,2.31,
HD 127973,* eta Cen,218.8767673375,-42.15782521722222,-34.73,-32.72,10.67,0.21,Be*,B2Ve,0.0,1.6,2.31,
HD 135382,* gam TrA,229.7274220385625,-68.67954667374444,-65.816,-31.187,17.1809,0.3327,PM*,A1V,-3.6,2.4,2.89,
HD 137759,* iot Dra,231.23239085120375,58.966065864404726,-8.183,17.296,32.5239,0.131,V*,K2III,-10.912,0.001,3.29,NAME Edasich
HD 141891,* bet TrA,238.785675265,-63.43072653638888,-187.366,-401.191,80.4854,0.2187,PM*,F1V,0.4,0.6,2.85,
HD 143275,* del Sco,240.08335534565887,-22.621706426005783,-10.21,-35.41,6.64,0.89,SB*,B0.3IV,-6.0,0.5,2.32,NAME Dschubba
HD 151680,* eps Sco,252.54087838625,-34.29323159305555,-614.85,-255.98,51.19,0.22,PM*,K1III,-2.5,0.5,2.29,
HD 133216,* sig Lib,226.0175617057,-25.28196957961,-73.484,-42.632,12.5387,0.2984,Mi*,M2.5III,-3.9,0.7,3.21,NAME Brachium
HD 155125,* eta Oph,257.5945287106208,-15.724906641710527,40.13,99.17,36.91,0.8,**,A2IV-V,-2.4,0.3,2.42,NAME Sabik
HD 135742,* bet Lib,229.25172424914248,-9.382914410334685,-98.1,-19.65,17.62,0.16,PM*,B8Vn,-35.6,1.8,2.62,NAME Zubeneschamali
HD 163917,* nu. Oph,269.7566342235884,-9.773633604669444,-7.707,-116.38,22.9031,0.1922,PM*,G9IIIa,13.19,0.04,3.34,
HD 149438,* tau Sco,248.97063688749995,-28.2160170875,-9.89,-22.83,6.88,0.53,*,B0V,-650.47,0.1,2.81,NAME Paikauhale
HD 161892,* G Sco,267.4645037403808,-37.04327637830389,41.717,11.975,24.734,0.1575,*,K2III,24.7,0.6,3.21,
HD 148856,* bet Her,247.5550013403688,21.489610745563056,-98.822,-14.869,22.0023,0.9867,SB*,G7IIIaFe-0.5,-25.91,0.54,2.77,NAME Kornephoros
HD 143018,* pi. Sco,239.71297182416663,-26.114107945,-11.42,-26.83,5.57,0.64,SB*,B1V+B2:V:,-7.4,1.3,2.91,
HD 189319,* gam Sge,299.68928429315497,19.492146130476662,65.005,22.721,11.3375,0.1652,PM*,M0-III,-33.591,0.001,3.47,
HD 177756,* lam Aql,286.56224439258,-4.88256274593,-19.12,-89.427,25.6409,0.4211,PM*,B8.5V,-8.8,0.9,3.43,
HD 146791,* eps Oph,244.58037593556585,-4.692513152746668,83.916,40.763,30.5136,0.1878,PM*,G9.5IIIbFe-0.5,-9.342,0.0009,3.23,NAME Yed Posterior
HD 150997,* eta Her,250.7240206060716,38.92225491964639,35.482,-85.395,29.2595,0.1434,PM*,G7IIIFe-1,8.325,0.001,3.5,
HD 169916,* lam Sgr,276.99266966041665,-25.421698496944444,-46.152,-185.067,42.9198,0.2128,PM*,K1IIIb,-43.2,0.8,2.81,NAME Kaus Borealis
HD 157056,* tet Oph,260.502413945,-24.99954638166667,-7.37,-23.94,7.48,0.17,bC*,OB,-2.1,3.6,3.26,
HD 156164,* del Her,258.7579607430354,24.839206966655976,-21.18,-156.48,43.41,0.15,SB*,A1IVn,-40.0,2.0,3.13,NAME Sarin
HD 156164A,* del Her,258.7579607430354,24.839206966655976,-21.18,-156.48,43.41,0.15,SB*,A1IVn,-40.0,2.0,3.13,NAME Sarin
HD 157244,* bet Ara,261.3249491888263,-55.529881687777774,-8.039,-25.927,4.5601,0.2077,s*r,K0/1Ib,0.08,0.1,2.85,
HD 202109,* zet Cyg,318.23410828951364,30.226898680620003,-3.792,-45.429,21.813,0.1375,SB*,G8+III-IIIaBa0.5,16.72,0.09,3.21,
HD 177724,* zet Aql,286.35253339791666,13.86347728111111,-6.575,-95.909,38.2329,0.3492,PM*,A0IV-Vnn,-25.0,4.0,2.99,
HD 180711,* del Dra,288.1387557204383,67.66153865705445,94.599,92.374,33.3499,0.1567,PM*,G9III,24.818,0.0008,3.07,NAME Altais
HD 182640,* del Aql,291.3745891389376,3.114779474957126,254.54,82.51,64.41,1.0,**,F1IV-V(n),-36.59,7.82,3.36,
HD 186882,* del Cyg,296.243653844308,45.13081463141527,41.87,47.298,21.1474,0.5223,PM*,B9.5IV,-23.6,3.0,2.87,
HD 165135,* gam02 Sgr,271.45203374499994,-30.42408984944445,-48.839,-204.86,32.2697,0.7754,PM*,K0+III,22.0,2.9,2.99,NAME Alnasl
HD 196171,* alf Ind,309.3918007182825,-47.29150144924972,50.922,66.026,32.8989,0.2225,PM*,K0III-IV,-1.3,0.6,3.11,
HD 178524,* pi. Sgr,287.440970525,-21.023613981944443,-1.36,-36.45,6.4,0.43,**,F2II-III,-9.8,0.74,2.88,NAME Albaldah
HD 174638,* bet Lyr,282.51997976764824,33.36266676977778,2.045,-3.685,3.5982,0.1836,SB*,B8.5Ib-II,2.2,0.7,3.42,NAME Sheliak
HD 204867,* bet Aqr,322.8897169834788,-5.571174828063612,19.214,-8.163,5.9728,0.2147,*,G0Ib,6.451,0.0014,2.89,NAME Sadalsuud
HD 216131,* mu. Peg,342.5008044783696,24.601581283481668,145.24,-42.396,28.934,0.1887,PM*,G8+III,13.791,0.0005,3.48,NAME Sadalbari
HD 177716,* tau Sgr,286.73501297132,-27.67041563722,-53.001,-253.304,28.3195,0.3134,PM*,K1.5IIIb,40.59,,3.31,
HD 168723,* eta Ser,275.3275020516146,-2.8988279698980564,-548.903,-700.854,52.4413,0.2036,PM*,K0III-IV,9.38,0.0004,3.25,
HD 207098,* del Cap,326.76018433125,-16.12728708527778,261.7,-296.7,84.27,0.19,SB*,kA5hF0mF2III,-3.4,0.8,2.83,NAME Deneb Algedi
HD 205021,* bet Cep,322.1649868804167,70.56071518916666,12.54,8.39,4.76,0.3,bC*,B0.5IIIs,-8.2,2.0,3.23,NAME Alfirk
HD 209952,* alf Gru,332.05826969609114,-46.96097438191952,126.69,-147.47,32.29,0.21,PM*,B6V,10.9,1.7,1.71,NAME Alnair
HD 186791,* gam Aql,296.5649123092774,10.6132587226325,16.233,-1.354,5.5899,0.3884,*,K3II,-2.693,0.0005,2.72,NAME Tarazed
HD 187642,* alf Aql,297.69582729638694,8.868321196436963,536.23,385.29,194.95,0.57,dS*,A7Vn,-26.6,0.4,0.76,NAME Altair
HD 193496,* bet01 Cap,305.25277749238,-14.78140760208,44.133,0.36,8.3966,0.6348,SB*,G9II:+B8p:Si:,-19.0,0.6,3.08,NAME Dabih
HD 193496,* bet01 Cap,305.25277749238,-14.78140760208,44.133,0.36,8.3966,0.6348,SB*,G9II:+B8p:Si:,-19.0,0.6,3.08,NAME Dabih Major
HD 193495,* bet01 Cap,305.25277749238,-14.78140760208,44.133,0.36,8.3966,0.6348,SB*,G9II:+B8p:Si:,-19.0,0.6,3.08,NAME Dabih
HD 193495,* bet01 Cap,305.25277749238,-14.78140760208,44.133,0.36,8.3966,0.6348,SB*,G9II:+B8p:Si:,-19.0,0.6,3.08,NAME Dabih Major
HD 206778,* eps Peg,326.04648391416663,9.875008653333332,26.92,0.44,4.73,0.17,LP*,K2Ib-II,3.39,0.06,2.39,NAME Enif
HD 214952,* bet Gru,340.66687612556166,-46.884576444824646,135.16,-4.38,18.43,0.42,LP?,M4.5III,-0.3,0.3,2.11,
HD 217906,* bet Peg,345.9435727452067,28.082787124606668,187.65,136.93,16.64,0.15,LP*,M2.5II-III,7.99,0.23,2.42,NAME Scheat
HD 191692,* tet Aql,302.82619454879625,-0.8214635937475,35.582,4.596,14.2687,0.4623,SB*,B9.5III,-28.02,0.52,3.22,
HD 209750,* alf Aqr,331.4459814409479,-0.3198509554241667,18.59,-10.45,4.9451,0.4296,*,G2Ib,6.829,0.0026,2.94,NAME Sadalmelik
HD 218045,* alf Peg,346.190222691426,15.205267147927536,60.4,-41.3,24.46,0.19,PM*,A0IV,-2.7,0.8,2.48,NAME Markab
HD 197345,* alf Cyg,310.35797975307673,45.28033880652757,2.01,1.85,2.31,0.32,sg*,A2Ia,-4.9,0.3,1.25,NAME Deneb
HD 207971,* gam Gru,328.48215125261004,-37.36487221701779,110.445,-17.161,17.808,0.5145,PM*,B8IV-Vs,2.93,2.94,3.01,NAME Aldhanab
HD 215182,* eta Peg,340.75053685395,30.221214713719995,19.957,-18.971,16.6308,0.7047,SB*,G8II+F0V,4.17,0.35,2.95,NAME Matar
HD 216956,* alf PsA,344.4126927211701,-29.62223703338944,328.95,-164.67,129.81,0.47,PM*,A4V,6.5,0.5,1.16,NAME Fomalhaut
HD 210745,* zet Cep,332.71365710650707,58.20126183406695,13.359,5.275,3.2972,0.1456,s*r,K1.5Ib,-17.83,0.12,3.35,
HD 211416,* alf Tuc,334.6254684887237,-60.259629544748336,-77.0,-32.823,17.7324,0.329,SB*,K3III,42.2,0.9,2.82,
HD 216627,* del Aqr,343.66252607413,-15.820819565200004,-34.152,-26.359,23.1451,1.1614,PM*,A3Vp,10.96,1.98,3.28,NAME Skat
HD  95689A,* alf UMa A,165.93195263333334,61.75103334166666,-136.5,-35.2,,,PM*,G9III,,,1.87,
HD 168454,* del Sgr,275.24851205687213,-29.828102262591383,33.212,-27.361,7.8468,0.4791,*,K2.5IIIaCN0.5,-20.4,0.1,2.668,NAME Kaus Media
HD  71129,* eps Car A,125.6284741,-59.509480700000005,-25.3,22.7,,,*,K3:III,11.6,,2.01,
HD 161471,* iot01 Sco,266.89616445956506,-40.12699736232806,0.005,-5.396,1.4177,0.2941,s*y,F2Ia,-27.6,2.0,2.992,
HD  81188,* kap Vel,140.52840670833334,-55.01066713416667,-11.4,11.52,5.7,0.3,SB*,B2IV,21.9,0.9,2.473,NAME Markeb
HD 197051,* bet Pav,311.2395566340129,-66.2032115835414,-42.784,10.173,23.8011,0.184,*,A7III,5.37,0.19,3.408,
HD 136504,* eps Lup,230.6702844025,-44.68961517694444,-22.86,-18.87,6.37,0.7,bC*,B3IV+B3:V,7.9,4.0,3.366,
HD  82668,* N Vel,142.80549230320247,-57.03437645056388,-32.615,5.857,14.6234,0.1858,*,K5III,-13.9,0.6,3.139,
HD 193924,* alf Pav,306.4119043651986,-56.73508972631689,6.9,-86.02,18.24,0.52,SB*,B2IV,2.0,0.9,1.918,NAME Peacock
HD 215789,* eps Gru,342.13874192297,-51.31686481202,107.195,-62.575,25.7902,0.2352,SB*,A2IVn,-0.4,2.1,3.466,
HD  65575,* chi Car,119.19466705582,-52.98234546298,-31.368,23.452,5.6857,0.4961,bC*,B3IV,19.4,2.0,3.431,
HD 108248,* alf01 Cru,186.6495666666667,-63.09909166666667,-35.4,-14.7,,,*,B0.5IV,-11.2,2.0,1.28,
HD 108249,* alf02 Cru,186.65184166666663,-63.09952222222222,-42.5,-7.7,,,*,B1V,-0.6,2.0,1.58,
HD  18622,* tet01 Eri,44.56531815678001,-40.30467763811,-52.273,23.058,19.9047,0.2062,PM*,A3IV-V,11.9,2.0,3.18,
HD  10144,* alf Eri,24.428522833333336,-57.236752805555554,87.0,-38.24,23.39,0.57,Be*,B6Vpe,8.47,2.16,0.46,NAME Achernar
HD 138690,* gam Lup,233.78520144771352,-41.16675686900692,-15.62,-25.43,7.75,0.5,**,B2IV,2.3,5.0,2.765,
HD  79351,* a Car,137.74202206644335,-58.966900555078894,-13.688,13.587,7.9481,0.237,SB*,B2IV-V,23.3,0.9,3.4,
HD  50310,* tau Pup,102.48403810537876,-50.61453869751139,32.618,-69.566,18.7577,0.3475,SB*,K1III,34.4,0.3,2.93,NAME Altaleban
HD  50310,* tau Pup,102.48403810537876,-50.61453869751139,32.618,-69.566,18.7577,0.3475,SB*,K1III,34.4,0.3,2.93,NAME Taleban
HD 158408,* ups Sco,262.6909880116666,-37.295813475277775,-2.37,-30.09,5.66,0.18,*,B2IV,8.0,2.9,2.65,NAME Lesath
HD 158926,* lam Sco,263.40216718438023,-37.10382355111976,-8.53,-30.8,5.71,0.75,bC*,B2IV+DA7.9,-3.0,2.8,1.63,NAME Shaula
HD 151890,* mu.01 Sco,252.96761814529,-38.04739946400001,-10.451,-18.315,1.8732,0.7355,Be*,B1V+B,-7.6,3.9,2.98,
HD 183912,* bet01 Cyg A,292.68035069583334,27.959692797222218,-1.5,-1.4,,,*,K3II,,,3.2,
HD 132200,* kap Cen,224.79035390916664,-42.10419636638889,-17.62,-22.51,8.51,0.54,bC*,B2IV,8.0,0.9,3.11,
HD  85123,* ups Car,146.77550706492468,-65.07200742206864,-11.51,4.71,2.27,0.28,*,A9,13.6,0.5,2.99,
HD 129989,* eps Boo,221.2467398257896,27.07422231967556,-50.818,21.024,13.8267,0.4896,PM*,K0-II-III,-16.6,0.9,2.45,NAME Izar
HD 138690A,* gam Lup A,233.78516162916668,-41.16679195,-28.2,-42.0,,,SB*,,,,3.48,
HD 159532,* tet Sco,264.3297077207907,-42.99782799333082,5.54,-3.12,10.86,1.49,*,F1III,5.18,2.45,1.85,NAME Sargas
HD 159532A,* tet Sco,264.3297077207907,-42.99782799333082,5.54,-3.12,10.86,1.49,*,F1III,5.18,2.45,1.85,NAME Sargas
HD 156014,* alf Her A,258.6618864208333,14.390371047222224,-17.0,47.0,,,LP*,M5Ib-II,-33.1,0.9,3.33,
HD  37742,* zet Ori A,85.18969642916667,-1.9425723222222224,4.0,2.5,,,SB*,O9.2IbvarNwk,18.1,0.9,1.9,
HD 116656,* zet01 UMa,200.98142616882205,54.925359883302775,122.467,-22.682,40.2133,0.4623,SB*,A1.5Vas,-5.6,0.9,2.22,NAME Mizar A
HD   2261,* alf Phe,6.571047515391927,-42.305987194396046,233.05,-356.3,38.5,0.73,SB*,K0.5IIIb,74.6,0.9,2.38,NAME Ankaa
HD 169022,* eps Sgr,276.0429933505963,-34.38461648586744,-39.42,-124.2,22.76,0.24,PM*,B9IVp_lB?,-15.0,3.7,1.81,NAME Kaus Australis
HD 176687,* zet Sgr,285.6530426563352,-29.88006330096877,10.79,21.11,36.98,0.87,**,A2.5Va,24.7,0.7,2.59,NAME Ascella
HD 150798,* alf TrA,252.1662295073803,-69.02771184691984,17.99,-31.58,8.35,0.15,*,K2III_Ba1,-3.0,0.1,1.88,NAME Atria
HD  44402,* zet CMa,95.07830016583333,-30.063366733888888,7.32,4.03,9.0,0.13,Ce*,B2.5V,32.2,0.9,2.99,NAME Furud
HD  50241,* alf Pic,102.04772968012593,-61.94138912117192,-66.07,242.97,33.78,1.78,PM*,A8VnkA6,15.3,1.3,3.23,
HD  12533,* gam01 And,30.97480120653972,42.32972842352701,42.32,-49.3,8.3,1.04,*,K2+IIb,-11.5,0.6,2.1,NAME Almach
HD 122451,* bet Cen,210.9558556228152,-60.3730351615416,-33.27,-23.16,8.32,0.5,bC*,B1III,2.52,2.96,0.58,NAME Agena
HD 122451,* bet Cen,210.9558556228152,-60.3730351615416,-33.27,-23.16,8.32,0.5,bC*,B1III,2.52,2.96,0.58,NAME Hadar
HD  60178,* alf Gem B,113.65041855,31.888491991666665,-206.3,-148.2,,,SB*,kA0hA2:mA1IVs,-1.2,0.9,3.0,NAME Castor B
HD  60179,* alf Gem A,113.64942845,31.88827619166667,-206.3,-148.2,,,SB*,A1.5IV+,-7.3,0.9,1.9,NAME Castor A
HD   9053,* gam Phe,22.09136952027084,-43.31823473917167,-17.72,-206.864,13.3612,0.3555,SB*,M0III,25.8,0.9,3.42,
HD 110379J,* gam Vir,190.41511762006292,-1.4494039524575002,-605.176,85.701,83.1935,0.5074,PM*,F1-F2V,-19.8,0.9,2.74,NAME Porrima
HD 110379,* gam Vir,190.41511762006292,-1.4494039524575002,-605.176,85.701,83.1935,0.5074,PM*,F1-F2V,-19.8,0.9,2.74,NAME Porrima
HD  89484,* gam01 Leo,154.9931435916667,19.841488666666663,310.8,-152.9,,,PM*,K1-IIIFe-1,-36.98,0.46,2.23,
